{
    "loss": 10.929838180541992,
    "accuracy": 0.47058823704719543
}