{
    "loss": 2.6519641876220703,
    "accuracy": 0.8039215803146362
}